rank,grade,name,handle,channel_id,subscribers,subscribers_num,views,views_num,videos,videos_num,image_url
1st,B+,Tibo InShape,/youtube/handle/tiboinshape,UCpWaR3gNAQGsX48cIlQC0qw,26.9M,26900000,21.18B,21180000000,6.21K,6210,https://yt3.ggpht.com/MXKYsX4ryzhIwTLMwBUvx6eoWMcaF-gsHO_PLidZMEKyFj-eKyg9u0IykU8uh7ejCAS9omOlyP8=s88-c-k-c0x00ffffff-no-rj
2nd,B+,SQUEEZIE,/youtube/handle/squeezie,UCWeg2Pkate69NFdBeuRFTAw,19.8M,19800000,11.49B,11490000000,1.78K,1780,https://yt3.ggpht.com/ytc/AIdro_mPZvx-xk6pbAYdC7G8jUZzgCNDDTg1ZfF0_Lwd8UpJT4M=s88-c-k-c0x00ffffff-no-rj
3rd,B+,Lofi Girl,/youtube/handle/lofigirl,UCSJ4gkVC6NrvII8umztf0Ow,15.3M,15300000,2.45B,2450000000,289,289,https://yt3.ggpht.com/UpOlHtdiDOyRG4BDMFMMzvEmdxLotEPN8H51QZ8npc6Q9xkfMkM5AzDm4DyBDWOak-DcfgNNdRU=s88-c-k-c0x00ffffff-no-rj
4th,B+,GIMS,/youtube/handle/gims,UCCB1Byx5yTbLpQaV-rlfmtA,14.3M,14300000,8.71B,8710000000,258,258,https://yt3.ggpht.com/MH9TWKPxjVZNjfGbZGLa9D71D-LVpTOPJbkh_abunMIfS6Mzqeh7M4c19eQdcp5i9dTQvIodUA=s88-c-k-c0x00ffffff-no-rj
5th,B+,Mayamystic,/youtube/handle/mayamystic,UCsbzkA9S4TPhkt2Kl2Rx3ig,11.8M,11800000,6.73B,6730000000,1.43K,1430,https://yt3.ggpht.com/VohVD0MKSQVqfwXZ8JErbY0o-DaLfzeyVAlT1bKDaXAoiEA5rmM1T2SOCXwaqI9jLRcDiavlaOA=s88-c-k-c0x00ffffff-no-rj
6th,B,Natop Shorts,/youtube/handle/natopshorts,UCPZJQKRCa8qR42yrbsZPA0A,11.2M,11200000,2.5B,2500000000,481,481,https://yt3.ggpht.com/0vQkIqJiEiOOZSWHujA0Fnaa8f3E1CX9EtoClFDPF89zDFMeCn8A2XMpmRAX2G7xErTlwZiYGw=s88-c-k-c0x00ffffff-no-rj
7th,B+,Soolking Officiel,/youtube/handle/soolkingoff,UCz6JjQtnK9XjMwKuqlEkRxw,11.1M,11100000,3.96B,3960000000,104,104,https://yt3.ggpht.com/MyEtgnNeUFw0KpnlDH1UvGHATl6trFdoj-uGDRAycJ_u52cTkyZFtf7VY-ASxQmWBd_aIhuX=s88-c-k-c0x00ffffff-no-rj
8th,B+,Michou,/youtube/handle/michou,UCo3i0nUzZjjLuM7VjAVz4zA,10.8M,10800000,3.15B,3150000000,850,850,https://yt3.ggpht.com/AbT6_C0E4bzscwpKqfdeMg6wTCuo_5pP9lkeqcLBFtqbgJsf8GaRGBAUnf7ZuNwEuiTHA7fI=s88-c-k-c0x00ffffff-no-rj
9th,B+,Furious Jumper,/youtube/handle/furiousjumper,UCLMKLU-ZuDQIsbjMvR3bbog,10M,10000000,6.33B,6330000000,7.14K,7140,https://yt3.ggpht.com/BgwYoE8jVPzK2jxhgYQrO944C7LzoYMrSVMuIqolRxwLXj1W5Ani7dILP8BD0j4sH4caeR1D1w=s88-c-k-c0x00ffffff-no-rj
10th,B+,Tuvok12,/youtube/handle/tuvok,UCeJQ-3Bs7AAN5m8HUbHG4-g,9.97M,9970000,7.2B,7200000000,401,401,https://yt3.ggpht.com/P1lqCbb9AjnasqQfNXpCuEHICE17MiBB0gscNL4hF646OrNMsRzpk2-11mN_7HfJF-T0tF7CrmU=s88-c-k-c0x00ffffff-no-rj
11th,C+,Lama Faché,/youtube/channel/UCH0XvUpYcxn4V0iZGnZXMnQ,UCH0XvUpYcxn4V0iZGnZXMnQ,9.82M,9820000,2.46B,2460000000,2.54K,2540,https://yt3.ggpht.com/tO2SmACkrez8fApa0d1Qek2XeOKAwRym9X2Lo6itLKiDEIR3hQAlfpXzIRRyCpad4Ud58SzN=s88-c-k-c0x00ffffff-no-rj
12th,B+,PSG - Paris Saint-Germain,/youtube/handle/psg,UCt9a_qP9CqHCNwilf-iULag,9.78M,9780000,1.47B,1470000000,8.28K,8280,https://yt3.ggpht.com/ne9x79Ss_sp79LXJHOEyJ5Y0UtFRT1rl7XoPsE0o5MrXy5z1_BohaoOFE-lfqMH-FNBXFvMz=s88-c-k-c0x00ffffff-no-rj
13th,A,Kidi Fun,/youtube/handle/kidifun,UCKG_7KqdGT4YceIh-lCfNUA,9.66M,9660000,16.72B,16719999999,447,447,https://yt3.ggpht.com/I569NwhnXQgLT9ekDWlzancn8HSXp2MhEQzHW3EdpHsh1gNSGviwgvE4xyWmj6xdfT2NEAcStQ=s88-c-k-c0x00ffffff-no-rj
14th,B-,Inoxtag,/youtube/handle/inoxtag,UCL9aTJb0ur4sovxcppAopEw,9.29M,9290000,1.38B,1380000000,446,446,https://yt3.ggpht.com/ytc/AIdro_nBv_ScBglsYmGLCeX8gG5E7_rC-p9M0I4hQAcEMaHjJa4=s88-c-k-c0x00ffffff-no-rj
15th,B+,Amixem,/youtube/handle/amixem,UCgvqvBoSHB1ctlyyhoHrGwQ,9.13M,9130000,3.96B,3960000000,1.2K,1200,https://yt3.ggpht.com/mkxR4YNTUBJAjuq020488wM8yHSCZ4Kwn0etJyYyGTL86LnEiIzu5uhw8EwmPpRxavKYXyQ4Hmk=s88-c-k-c0x00ffffff-no-rj
16th,C-,L'Algerino,/youtube/handle/lalgerinoofficiel,UCp8Lmjx1i93YVokA4fNAs1g,8.61M,8610000,3.05B,3050000000,123,123,https://yt3.ggpht.com/45hhpO_o_3R5T7iM-LKVXAEOQBZ_OrcL8SR0rV5mn6XMXuUjq4BEPLnS6RkO2k7oBevOuvWjDUY=s88-c-k-c0x00ffffff-no-rj
17th,B+,Bridon Production LLC (Seany Tv),/youtube/handle/emizickovic,UCpCLsVt-9LhvDKvEzE7Kw7A,8.55M,8550000,4.11B,4110000000,1.08K,1080,https://yt3.ggpht.com/ytc/AIdro_my_0LTBq1hQg6ZnBka4M8krBnztfX0sXqXKbtCpvUQpM0=s88-c-k-c0x00ffffff-no-rj
18th,B-,قناة الشيخ كشك,/youtube/handle/kichk1933,UCrZ3UtzbXNYVl4r2a0xJGxQ,8.45M,8450000,1.81B,1810000000,4.4K,4400,https://yt3.ggpht.com/ytc/AIdro_l6wfcXY6NK49Mc4BVZiybGGMsDaUzp4BPqNKjdPrFYaWk=s88-c-k-c0x00ffffff-no-rj
19th,B+,Cinéma Cinémas,/youtube/handle/cinemacinemas,UCQIrvVPHrt2cN14ktGA2Snw,8.42M,8420000,1.55B,1550000000,1.97K,1970,https://yt3.ggpht.com/Wf_uoQj3loj4u3gOb3oXm5IsWmj2Y_s2Ay8RpaC9r-_nthkgCCyrFH09pYhDqo9WB3iUQi4xDP0=s88-c-k-c0x00ffffff-no-rj
20th,B,Van,/youtube/handle/vantoan_,UCNd6r-erSAM_-IjOYn0rVtQ,8.32M,8320000,2.4B,2400000000,263,263,https://yt3.ggpht.com/6ybYRvSYhd1GRGIzGM02URuZVstg1YWDxom-1c4tcw-honDF8HBuwDMolzn8tpdsvaeb3QQ2tQ=s88-c-k-c0x00ffffff-no-rj
21st,B+,FRANCE 24,/youtube/handle/france24,UCCCPCZNChQdGa9EkATeye4g,8.22M,8220000,3.92B,3920000000,136.42K,136420,https://yt3.ggpht.com/ytc/AIdro_k9aU_SRhYAWJjQ6AO7uzQDZE5mb7gmv4synLrC7hEWGjE=s88-c-k-c0x00ffffff-no-rj
22nd,B+,Aya Nakamura,/youtube/handle/ayanakamura,UC-69vhXlCa3XHbF8JHCQHfg,8.16M,8160000,4.43B,4430000000,67,67,https://yt3.ggpht.com/7rNTZjBuDujyCK1W64qAnDeiBroNMguV-kfYqUhayUDnQkMCwRqT-gJJ-KHtKMEd3JWx0fxhHQ=s88-c-k-c0x00ffffff-no-rj
23rd,C-,DADJU,/youtube/handle/dadju,UC8HMvOLE0etpO_eVjJ98bHA,7.71M,7710000,3.83B,3830000000,149,149,https://yt3.ggpht.com/5QrcQCkzITdMsS_DspPUactbVY4zOipPffI4G12AK6fQt72DIS2UkdIYh5eK3pOfhtaM6eGIvQ=s88-c-k-c0x00ffffff-no-rj
24th,B+,Mcfly et Carlito,/youtube/handle/lefatshow,UCDPK_MTu3uTUFJXRVcTJcEw,7.58M,7580000,2.81B,2810000000,892,892,https://yt3.ggpht.com/ytc/AIdro_kSPG3h89eFoHhkLFYl_VQ6OkFpLCfpZUSuIWkRJt0sI-E=s88-c-k-c0x00ffffff-no-rj
25th,B+,DORETDEPLATINE,/youtube/handle/julsaintjean,UC-GI5LST5T3Gw93yZxjdFaw,7.56M,7560000,5.69B,5690000000,359,359,https://yt3.ggpht.com/Z-H-0aiYvvidI9bHpoVAWppA_0Au4kRsYHxn0Vgj_bC_icCl8YA8WfDmYG053yTYgZjG-HAcMYo=s88-c-k-c0x00ffffff-no-rj
26th,B,SYMPA,/youtube/handle/sympa_fr,UCt6IQpsggvn6zmalhPglSEA,7.52M,7520000,1.62B,1620000000,10.34K,10340,https://yt3.ggpht.com/ytc/AIdro_nRBNYjJLwvjc7cFIap3QNWngCWlH3EjVbFHuienokJfnI=s88-c-k-c0x00ffffff-no-rj
27th,C+,Rémi GAILLARD,/youtube/handle/nqtv,UCmPSwsooZq8an7xOLQQhAdw,7.4M,7400000,2.02B,2020000000,186,186,https://yt3.ggpht.com/ytc/AIdro_nuUbV1NWHTPA9lI1AZpvmRPEObDMJo6DwHYTEX1NilVWw=s88-c-k-c0x00ffffff-no-rj
28th,B+,SkyrockFM,/youtube/handle/skyrockfm,UC5BYACI8gIm3wDlVnhKFG5A,6.97M,6970000,3.75B,3750000000,11.51K,11510,https://yt3.ggpht.com/ytc/AIdro_ma9aRbkyRtUilcNWTJ37HtHYG51Ir-ZbtE4B0-AoPrvTxf=s88-c-k-c0x00ffffff-no-rj
29th,C-,Swan & Néo,/youtube/handle/swanthevoice,UCzYC9ss2P77Ry2LzIDL5Xsw,6.95M,6950000,8.09B,8090000000,3.4K,3400,https://yt3.ggpht.com/ytc/AIdro_lb76hFbhH9PZ0XW0euU91CkBnzsWNNvah-eNa4KbtaiwY=s88-c-k-c0x00ffffff-no-rj
30th,B+,Mastu,/youtube/handle/mastu,UCAhaFPP6v3WCfK5Tjao0B7A,6.86M,6860000,1.21B,1210000000,347,347,https://yt3.ggpht.com/ytc/AIdro_kcL_PnNz1KEjLIQ7veCTq_0Vv7tktG0oth4M0_NZp8PRw=s88-c-k-c0x00ffffff-no-rj
31st,B+,Julien Cohen,/youtube/handle/julien_cohen,UC899MXB8_df7O5HzedKBzaA,6.8M,6800000,2.45B,2450000000,113,113,https://yt3.ggpht.com/pzhPMl87XxLgOxqJs6LbvSAy0SUKMGFRYUTrDDTWZXtfwfM2m5FzHicv5LugVHKkiQqRq8ZU1g=s88-c-k-c0x00ffffff-no-rj
32nd,B+,JOYCA,/youtube/handle/joyca,UCow2IGnug1l3Xazkrc5jM_Q,6.76M,6760000,1.81B,1810000000,438,438,https://yt3.ggpht.com/F5R-8dCR4OsDu1Rs_2RE20e6LUNFDJW6VemSqToit8XvdfoSj1DXJXb0Dc4aT_YEv-5TsFCF=s88-c-k-c0x00ffffff-no-rj
33rd,B+,FastGoodCuisine,/youtube/handle/fastgoodcuisine,UCKq9JxyISqBHDd-fXfV3QtQ,6.72M,6720000,2.41B,2410000000,1.01K,1010,https://yt3.ggpht.com/gHkSCYBk4J1lJp3C0bmoh3GDtMsUnXNZEX9IUBzL9GElxRITRJK5s8rU3DINZjEuP3vluRhYnqY=s88-c-k-c0x00ffffff-no-rj
34th,B-,أسرار الجمال الطبيعي,/youtube/handle/beauty.secret1,UChq9L7GcpwWIIe2MMxzvi9g,6.48M,6480000,1.17B,1170000000,1.26K,1260,https://yt3.ggpht.com/T2s0sUaBWovedaSITe_99Mn2nh7ufNpdh7GuLMbjBUK-JI98pWtwMLts7vZBHwia1hprT1cysw=s88-c-k-c0x00ffffff-no-rj
35th,B+,Niska Officiel,/youtube/handle/niskaofficiel91,UCtHtVptJ7tDRvbZrTFDrf7A,6.47M,6470000,2.83B,2830000000,116,116,https://yt3.ggpht.com/XWXG7LVpy5Pzi1mgq_4jMsylDKfmQ_O2snmckT0sjwaBjoT6nVR8Zs9S3TwSUBSUuODvv-wYig=s88-c-k-c0x00ffffff-no-rj
36th,C-,PNL,/youtube/handle/pnl,UCtBjt766LG9EDVKZx4Q4IHw,6.46M,6460000,2.85B,2850000000,28,28,https://yt3.ggpht.com/ytc/AIdro_mUZ0Kd0roL7s4tNtd2zdrP7gOyhBvt5Gxw8zg89XD_rQA=s88-c-k-c0x00ffffff-no-rj
37th,C+,Mister V,/youtube/handle/mistervofficial,UC8Q0SLrZLiTj5s4qc9aad-w,6.41M,6410000,529.82M,529820000,41,41,https://yt3.ggpht.com/9waBvH5yP5jTNSGZ-n9Na5ldf3vnzmFOEjv6PUEuCiaRkfffk50GpF6nkDleoapVrR22Uupm8Lc=s88-c-k-c0x00ffffff-no-rj
38th,B+,Sarah Lezito,/youtube/handle/lezitow,UCvlBxzsiVjykUcKW9OxN8kg,6.37M,6370000,3.53B,3530000000,2.34K,2340,https://yt3.ggpht.com/yWsz09KwWiMNhm6WuvdiTt3MZjt0-Ch9V3BII7l5oNyjBmuaPpUuFM61er1KSRGl-EWMgSP2Dvw=s88-c-k-c0x00ffffff-no-rj
39th,B+,Unchained_Off,/youtube/handle/unchainedoff,UCiFyJ_EBmF2XJuR9buWE_3A,6.36M,6360000,3.26B,3260000000,1.53K,1530,https://yt3.ggpht.com/VgrO8CY3XuAseqMs38xAinVk9YUE5JQKoVj1kzX1MJAbUnttoXd1TQ7q8ppWKSvq35m2BMMgQg=s88-c-k-c0x00ffffff-no-rj
40th,B+,Ninho,/youtube/handle/ninho,UCXdHJabqwLJ3NvPfx6XmS5Q,6.09M,6090000,4.45B,4450000000,96,96,https://yt3.ggpht.com/wnH-FYay_UqOuiUWcqCsQG8i-DZlKxlAWJuiJOEdKxQJ_YmN1-fy0Jih553EZpw8BPuk3QcyWdQ=s88-c-k-c0x00ffffff-no-rj
41st,C,Bigorneaux & Coquillages,/youtube/handle/cypriengaming,UCWMYFDuCcvkmPiOf1RP_IKQ,5.97M,5970000,902.26M,902260000,266,266,https://yt3.ggpht.com/ytc/AIdro_nzmEgJOtSmIdLgQFXPALaELhW4rK-4WMt4kw4SwjrNFQ=s88-c-k-c0x00ffffff-no-rj
42nd,C,dimerci tv,/youtube/handle/dimercitv,UCXFrzOlPpbOZOd1KClSWlQw,5.85M,5850000,2.91B,2910000000,2.06K,2060,https://yt3.ggpht.com/ytc/AIdro_nnYC6YbbC0HpHdDrdK6XCy5RNpYfT24n4O_6Ruxqi796I=s88-c-k-c0x00ffffff-no-rj
43rd,B+,ProviSound,/youtube/handle/provisound,UCilzxuKGM1GzYdmOkTiN4SA,5.77M,5770000,3.16B,3160000000,1.64K,1640,https://yt3.ggpht.com/GkH5eoEBXZwDr7OVmQagdcnGssyX_AhD0R-iM9SG8HZZmK7rWbLUKHhsQNFycR50Rji3sikAqA=s88-c-k-c0x00ffffff-no-rj
44th,B-,SEB,/youtube/handle/sebfrit,UCK3inMNRNAVUleEbpDU1k2g,5.76M,5760000,794.7M,794700000,200,200,https://yt3.ggpht.com/izvpXqLdMK6qnVK6kV_hMCkeg84cFZCdZdCmGCWS8SZj1Gl0ABG8_XTlc4yzU6irXclZvwSAXp0=s88-c-k-c0x00ffffff-no-rj
45th,C+,BRICO SYMPA,/youtube/handle/bricosympa,UC9TJezP2M1ADmUYVl8hrQ2A,5.69M,5690000,1.73B,1730000000,7.02K,7020,https://yt3.ggpht.com/YqvUy-PPuNUxQLwX_ijlaX_SzLnuC_bEZl0zQdD7Qkvt05zYvgna9eo-kXXuGU42PpMt8QHSYw=s88-c-k-c0x00ffffff-no-rj
46th,B+,Unchained,/youtube/handle/unchainedytb,UCugeH-Bmo9a5-Jnbt9X-3bA,5.65M,5650000,2.45B,2450000000,933,933,https://yt3.ggpht.com/S1TcdfkvUYf-pZpWoxB1pM34zKWmM7y-oNdVl543ruSVquZMoBSYDDhk6_pWuerdTFuzQgD0=s88-c-k-c0x00ffffff-no-rj
47th,C+,Kevin Tran 陈科伟,/youtube/handle/superkevintran,UCTt2AnK--mnRmICnf-CCcrw,5.62M,5620000,1.33B,1330000000,502,502,https://yt3.ggpht.com/MBxiH8DNeV7jiaqGqWshnuM7CFEakULP0w2R_d34lEHtT5Bj-Vvgj_0bSKu3qmq_DnDlfrhC2W8=s88-c-k-c0x00ffffff-no-rj
48th,B,MichouOff,/youtube/handle/michouoff,UCOdKaYgvLlPuinUJ1z5Gm2g,5.47M,5470000,1.93B,1930000000,1.29K,1290,https://yt3.ggpht.com/gbiCcpx_d_3gCRP0FIqlQmV5tuyk0EggNNKm5THjJmy_TkUuxhzox3ATnOoUe_qXlOqk3mxA4Q=s88-c-k-c0x00ffffff-no-rj
49th,B+,Lartiste,/youtube/handle/lartisteofficiel,UC5Yf3sFdmOGmf3Wn-STnkjg,5.45M,5450000,2.49B,2490000000,101,101,https://yt3.ggpht.com/uSAyxHRZz-Er5gwTqbOwW7p0id2B4ywe6P0tEfNI5slyIXLYvyyK1JP7IJGdpXM4mJW2lHuaOd0=s88-c-k-c0x00ffffff-no-rj
50th,B+,Anas,/youtube/handle/anas54,UCP8A8blIPLuL2kSSrhKJIhg,5.38M,5380000,1.93B,1930000000,1.53K,1530,https://yt3.ggpht.com/irRVaHn86oAVlIWDerqhD6Zu4DQzin1ivySrl2gFvkwPeWYwvQkixhSfN8LMpYmeeib-iNg2ug=s88-c-k-c0x00ffffff-no-rj
51st,B+,Cheb Bilal - الشاب بلال,/youtube/handle/chebbilalofficial,UCVYORSQEsFOQLavrogpFcXA,5.35M,5350000,1.82B,1820000000,337,337,https://yt3.ggpht.com/ytc/AIdro_lQVpqo1_uaXfFZZ-sSJqV5YAG99g8lROxitkAzG0gn4i0=s88-c-k-c0x00ffffff-no-rj
52nd,B-,CYRILmp4,/youtube/handle/cyrilmp4,UC-4M8AN08hw39nn2v91VuMQ,5.19M,5190000,1.34B,1340000000,1.08K,1080,https://yt3.ggpht.com/tk7oHsJutrdeI80Zzf5jvxT3nfwX5ZR4Qx9eguHLDIHYI30mg2nhfNsbQpU9vHUE1MEN8Zcbc30=s88-c-k-c0x00ffffff-no-rj
53rd,C+,Natoo,/youtube/handle/natooyt,UCtihF1ZtlYVzoaj_bKLQZ-Q,5.17M,5170000,938M,938000000,240,240,https://yt3.ggpht.com/ZpHD9MhNPhlayZ4wVNTX2r5ovCCDgsaQabX_PithFmRrctUR0mZroFmqaWweOnIqAhdXYFSn2g=s88-c-k-c0x00ffffff-no-rj
54th,B+,SQUEEZIE GAMING,/youtube/handle/squeeziegaming,UCY-_QmcW09PHAImgVnKxU2g,5.05M,5050000,2.66B,2660000000,1.63K,1630,https://yt3.ggpht.com/ytc/AIdro_l-ESH8m7C40T6fgPcqDsk3Yg_dnV5mcCSJVgm1njvjjDs=s88-c-k-c0x00ffffff-no-rj
55th,B,Hugoposé,/youtube/handle/hugopose,UCByWJsWPztkY3Rta2B62tgg,5.03M,5030000,999.18M,999180000,445,445,https://yt3.ggpht.com/z_s4d0qSImOWy6i39Hw-suNcfxVHhv1BYCJQfjtwfFjwwYqEMu5zptRsl6SnX-Kk32jITYGmEg=s88-c-k-c0x00ffffff-no-rj
56th,C-,Black M,/youtube/handle/black-m-,UCa_m88y-YP42wOdoYaIk6og,4.98M,4980000,2.07B,2069999999,140,140,https://yt3.ggpht.com/FWn_h_pE4u0rVv3f-gWC5FFJEPkaqQWNUjOMs-iuDGULG0LOYl-z46LtT3U96gOCgxntaddxGg=s88-c-k-c0x00ffffff-no-rj
57th,B-,IbraTV,/youtube/handle/tsetchoevibratv,UCmIoN2ICieMp1hX2R_VmYkg,4.96M,4960000,605.87M,605870000,256,256,https://yt3.ggpht.com/ytc/AIdro_mC9bV_sGqBPjGiXlkpmuAIjOLGehRxL2TjDKi70uYiYPs=s88-c-k-c0x00ffffff-no-rj
58th,B+,Mhd Officiel,/youtube/handle/mhdofficiel,UCvebOuGWNvuUpZBzpV_Bc9Q,4.95M,4950000,1.93B,1930000000,35,35,https://yt3.ggpht.com/orh7AUBAJpBoSxnDOkgeNOLMlExqtD1evDR84Kw00phP8jPQ2BCs3tFVYAce2XrhUav782cl=s88-c-k-c0x00ffffff-no-rj
59th,B,Berywam,/youtube/handle/berywam,UCxXFx2jz8N02sNqv1VeDEGA,4.91M,4910000,854.64M,854640000,402,402,https://yt3.ggpht.com/Xj_DszTdlxFR5lO7lT-HmTCR1NJ9gso60PXE9fD4MlcvqUlKYKzOf4VCVG49AXUNWs32n_7SfQ=s88-c-k-c0x00ffffff-no-rj
60th,C+,Dr Nozman,/youtube/handle/drnozman,UCWnfDPdZw6A23UtuBpYBbAg,4.9M,4900000,1.18B,1180000000,915,915,https://yt3.ggpht.com/ytc/AIdro_kP-ty6rj41GP6Sddyux8oU5DJu9DLc9feo1bQq27az7XQ=s88-c-k-c0x00ffffff-no-rj
61st,B,FilmsActu,/youtube/handle/filmsactu,UC_i8X3p8oZNaik8X513Zn1Q,4.87M,4870000,3.52B,3520000000,12.77K,12770,https://yt3.ggpht.com/wEvqrdZpM0jcU9qir4F9ogy5kYEJ36_CL2tVm46Uw_0rNtfjwgDGFpV7BchHTkNlZpnJvH9q=s88-c-k-c0x00ffffff-no-rj
62nd,C-,Soprano Officiel,/youtube/handle/soprano,UCYne4N06sHVhRBXS0Lq5D8g,4.85M,4850000,3.41B,3410000000,374,374,https://yt3.ggpht.com/ZPDYKEI_nkIPgiOltY6VoDx6LPv9wokbBy2WeeMe1Y0rsDl9G5lFpvFuhFgAVLE8zc1jaaVK5w=s88-c-k-c0x00ffffff-no-rj
63rd,C+,CAT SUNBA,/youtube/handle/cat.sunba25,UCFEmsxrCYo3Ad5yQcXc0cyQ,4.76M,4760000,31.94M,31940000,5.19K,5190,https://yt3.ggpht.com/nSiHLa-D6iys00lkx73LRd9LFJNs61XXpMzwcGDOR6FQqZcnHOuP-BrUWHBNH7RS5_HkEgxmEg=s88-c-k-c0x00ffffff-no-rj
64th,B+,Investigation,/youtube/handle/investigation,UC50uCdUubc04xXZz7bqv5ng,4.73M,4730000,1.6B,1600000000,3.32K,3320,https://yt3.ggpht.com/qWcsNvuUR8jPbAsHW_xYvS3IeMDe4MKA05Owzz7YPhdKMSuuaPSPCTGSzVOK4zelqHs3V6smMQ=s88-c-k-c0x00ffffff-no-rj
65th,B+,Simple Creative,/youtube/handle/simple_creative,UCWP1Op_c3B2B9FWOrANILaw,4.66M,4660000,4.49B,4490000000,451,451,https://yt3.ggpht.com/LxhkaTG-6Wbm7Zz0JKsLUdW9fgQQUr9TgsnmYzCrY_mGY8dofvYq9f1f8enpv7_GowT5ChOZ=s88-c-k-c0x00ffffff-no-rj
66th,C+,YoTips,/youtube/handle/yousr,UCIQgeXCqqK8piwOvK7tDg0w,4.65M,4650000,499.65M,499650000,236,236,https://yt3.ggpht.com/8hloyS_jOYrGkvqty79M1_bDbMXkkpq9B9hoY7Io4ksp0ew2clJwNxyJrJ0jITOYnmFGJPOY_xg=s88-c-k-c0x00ffffff-no-rj
67th,B,LeBouseuh,/youtube/handle/lebouseuh,UCUl7mwOyySfZzUkq4H29nug,4.59M,4590000,1.28B,1280000000,1.31K,1310,https://yt3.ggpht.com/-ddkoZcrriwdAFiRPEBCTBqnU6p8w6fP5WdsG-k2MTo2DM0q_CmpZYKeIVgz4MQcaQ37Vn6S-ek=s88-c-k-c0x00ffffff-no-rj
68th,B,ARTE,/youtube/handle/arte,UCwI-JbGNsojunnHbFAc0M4Q,4.56M,4560000,408.66M,408660000,3.01K,3010,https://yt3.ggpht.com/JvG9t1fNgirmoEWieadI9gz5wm0889z8ULzCF959u1FrDykh8LJUO9BjEGUg1k_xDOZWFNb3uQ=s88-c-k-c0x00ffffff-no-rj
69th,C-,LE FOOT EN VIDÉO,/youtube/handle/lefootenvideo,UC960cXgEv6mCZ5iGnWSd0oQ,4.52M,4520000,3.92B,3920000000,178,178,https://yt3.ggpht.com/ytc/AIdro_l2jPjydzuNC0ADCLinP-S1iloLOlYDdBpJY8kBCyevVoc=s88-c-k-c0x00ffffff-no-rj
70th,C-,Marwa Loud,/youtube/handle/marwa_loud,UC2kfDKWZai6IrtmSq60YawQ,4.52M,4520000,1.83B,1830000000,58,58,https://yt3.ggpht.com/ytc/AIdro_kdqH05XbXplKWuV5vFX_YDyio0p28fACFAwp5znltu9hU=s88-c-k-c0x00ffffff-no-rj
71st,B,L'atelier de Roxane,/youtube/handle/latelierderoxane,UC3rxwrZSiTp6Kk2RXcyHtCA,4.51M,4510000,1.84B,1840000000,1.39K,1390,https://yt3.ggpht.com/sNZTcQmHaHv4aiYK2TlIssnd9_eaMwZwWEl0nbqcCagcg1ubO1VqXsCVEonk4jgjsQpy6-EF=s88-c-k-c0x00ffffff-no-rj
72nd,B,Skyprods Officiel,/youtube/handle/skyprodsofficiel,UCUJUF8DsWpkdzygMQeL91mQ,4.49M,4490000,1.3B,1300000000,470,470,https://yt3.ggpht.com/ytc/AIdro_nPqRUKTBl36vWRVR3az8HHK3MRmO8CFp0nD8wZ4tS-wjM=s88-c-k-c0x00ffffff-no-rj
73rd,B+,فرانس 24 / FRANCE 24 Arabic,/youtube/handle/france24_ar,UCdTyuXgmJkG_O8_75eqej-w,4.39M,4390000,1.62B,1620000000,145.8K,145800,https://yt3.ggpht.com/ttCZI4HzbwlKBLe-hgRNy8N3QyymY4FOqb3Todsh0ic8Ms-8SbZ9cN0IQZhTEiINQMQtIXef=s88-c-k-c0x00ffffff-no-rj
74th,B,GOTAGA,/youtube/handle/gotaga,UCCFqUJYKT97UerMmb6DM0bw,4.39M,4390000,1.2B,1200000000,1.95K,1950,https://yt3.ggpht.com/FQXhwoYYE7tmVnX54Lkp6qDgFbgSpCoTou-yRqcaxwbKRTDEwjpwjH3yFB55nK_p9MinEAvPCm8=s88-c-k-c0x00ffffff-no-rj
75th,B,Charlie Chaplin,/youtube/handle/thechaplinfilms,UCe7sQfrqTHc-hWXdenf7VxQ,4.39M,4390000,1.01B,1010000000,763,763,https://yt3.ggpht.com/ytc/AIdro_kg-yhgHoVowoR0p7w67oYFY6DhPW4vTLFbX0uwFIMqGaM=s88-c-k-c0x00ffffff-no-rj
76th,C-,Mok Saib,/youtube/handle/moksaib,UCkg2AcvA9VCqqp3XcsPkZmQ,4.32M,4320000,971.77M,971770000,57,57,https://yt3.ggpht.com/ytc/AIdro_ltwcUw3y4cgQXGFCglM7RJWxOSep1fgcM6_hK9bL8LZBk=s88-c-k-c0x00ffffff-no-rj
77th,C+,Greg Guillotin,/youtube/handle/gregguillotin,UCM1c1okZ-7cPV7BEZ-pzUGg,4.27M,4270000,734.53M,734530000,150,150,https://yt3.ggpht.com/j3xlM3Ok7ggG7VyuFRBuv1nGV-uwOOvTej3XABDPiYWZdHvQ0e8CY-X9rkX1Yt3STWJILx2RIw=s88-c-k-c0x00ffffff-no-rj
78th,B+,La Fouine,/youtube/handle/lafouineofficiel,UCZ8lXecIr6UOwAJNyW1XDDg,4.15M,4150000,1.49B,1490000000,233,233,https://yt3.ggpht.com/PLYd0IL8mfyjTJIjDIPFuB8jM4fLUNTZmvnHsRYnf9OhmDtV7NYLxbvdK6R89MJQp5dKIuF7=s88-c-k-c0x00ffffff-no-rj
79th,B,Christian Dior,/youtube/handle/dior,UC6xD-jKli-_qIYXDTsNv4dw,4.13M,4130000,709.82M,709820000,1.82K,1820,https://yt3.ggpht.com/retS2O4yoIWDjEqYYIP1Q65ssG8f-eJofNmiOGuvVJYKPyvLj8zP_Z6cR7_Y3Q7qi2N9YxJTj7s=s88-c-k-c0x00ffffff-no-rj
80th,B+,Kamilla Family,/youtube/handle/kamillafamily6569,UCi8rQN3vpij40Z4qjlpr5gA,4.12M,4120000,3.37B,3370000000,6.22K,6220,https://yt3.ggpht.com/ytc/AIdro_kec0YKbT4woKahzG7cpL11QwUR1wlH0Oe0MZksEKjnBw=s88-c-k-c0x00ffffff-no-rj
81st,B+,Bollywood Mania,/youtube/handle/bollywoodmaniatv,UCqnNoWp-C7MjIKPTVTBtstQ,4.1M,4099999,1.62B,1620000000,3.78K,3780,https://yt3.ggpht.com/b4W9BiyeNSfRqRA22n02Fy3kw_BbbmFHCD_iOXrt3IuqZSAJZJBmvavgnsSeBu-btmqrrhAg=s88-c-k-c0x00ffffff-no-rj
82nd,C+,TheKAIRI78,/youtube/handle/thekairi78,UC704-gdkAeYFEjudxRCEAJA,4.04M,4040000,1.49B,1490000000,5.04K,5040,https://yt3.ggpht.com/CRfIfQTm_heF0zu_tmkTKlVH7fNAvA8OPUR2WGEX0xa-RmIcLz7gBc9va5BkbLA1gIE49IdpLFg=s88-c-k-c0x00ffffff-no-rj
83rd,C+,Le Monde à L'Envers,/youtube/handle/lemondealenversvideo,UCeqsLJGWhZXEerY5JWvwLkg,4.03M,4030000,970.87M,970870000,212,212,https://yt3.ggpht.com/ytc/AIdro_lcZMJ4BTZVzOIlTovCnbtY4XXkRWs9wEavO1qW2V9HqYg=s88-c-k-c0x00ffffff-no-rj
84th,C-,CINE PRIME,/youtube/handle/cine_prime,UC9vXcOHj-sknqn_UJMDcpPA,4.02M,4019999,268.03M,268029999,64,64,https://yt3.ggpht.com/0rGFjMq1VWorA4fuhwVXKSS9bUpxyo9q5m5y6tyta4nHeQiI8An4Zn5YyfnxJbhB7NWasEwqXw=s88-c-k-c0x00ffffff-no-rj
85th,B+,Renard,/youtube/handle/renardmalin,UCIpZlT4tBRMD8kMMneXf0mg,3.97M,3970000,2.3B,2300000000,1.9K,1900,https://yt3.ggpht.com/N77zaHz0p2bBM5j0QS9q9sr5RzzpSdJwxy6kAmIjxL6hKMZVQ0nCGG42YAFFQyOozY3mWvgWRQ=s88-c-k-c0x00ffffff-no-rj
86th,B,Les Parodie Bros,/youtube/handle/parodiebro,UCMqzZ17aTG2hKj2mVl7U4MA,3.97M,3970000,1.33B,1330000000,548,548,https://yt3.ggpht.com/L7idfjbs2l8Iha2PmGSqlaNAzd--qxIno4JJ95vrYofYAj1z9M6_8Byz5Yi1mFLZG5LTvaADkw=s88-c-k-c0x00ffffff-no-rj
87th,B,Binge Society - Les Meilleures Scènes de Films,/youtube/handle/bingesociety_france,UCt-xynmMrEVnFEyBCxen9bg,3.96M,3960000,1.81B,1810000000,6.05K,6050,https://yt3.ggpht.com/qvqx8PjQN27f1_H9_xI1As3pybrmHrQle7_kQHukNd1tbrlaiNqjSmZ2Ixda8HcMoDO0x09REQ0=s88-c-k-c0x00ffffff-no-rj
88th,B+,Pinaki Bhattacharya,/youtube/handle/pinakibhattacharya,UCUbtdbJRpaXiUI_IlBOvPpA,3.94M,3940000,844.58M,844580000,1.1K,1100,https://yt3.ggpht.com/Naqk3pmAWYmNfWTbSD7nnN13wxD_9lepn6h2-2hy6YLSiykadR7JpVKqzxdALFSZo6upw-c4Aw=s88-c-k-c0x00ffffff-no-rj
89th,B-,Ubisoft,/youtube/handle/ubisoft,UC0KU8F9jJqSLS11LRXvFWmg,3.92M,3920000,1.43B,1430000000,13K,13000,https://yt3.ggpht.com/e1NwMV5E6eQ0Efk4ZWsyWHtcjeWL9CsKDLVJnVbryd6Cm2n7BBl8mKV-3wQqM6tgm5q524OFiN0=s88-c-k-c0x00ffffff-no-rj
90th,C+,INDIA ARMY YT,/youtube/handle/indiaarmyyt2.0,UCnEYDXBoL6bJYLDxDYzsvjA,3.89M,3890000,590.49M,590490000,573,573,https://yt3.ggpht.com/EbNEcwYpy0M_-AN8y5m4E1V30SLrBpIHtT4SvTEBxI2065wDH8Kq9AZrsCclnOHjIwuz0Nu9ig=s88-c-k-c0x00ffffff-no-rj
91st,B,Studio Bagel,/youtube/handle/studiobagel,UCZ8kV8vuMdDLSerCIFfWnFQ,3.84M,3840000,1.22B,1220000000,1.02K,1020,https://yt3.ggpht.com/lBn7AF8kxnU7qijRluhSxlQuXCOPhVj__ialrcOH1IZMUpZ1AmuHhLadbl2HFGNOAgFjMzNGEw=s88-c-k-c0x00ffffff-no-rj
92nd,C-,Pierre Croce,/youtube/handle/pierrecroce,UCC_r3spMB5i5QKgtdNVO0OQ,3.84M,3840000,1.48B,1480000000,1.02K,1020,https://yt3.ggpht.com/nITpEppzrNhVmiOCzBsmwQdjzaJ-qJnz4KKwqhbfXgTxdAkKP8ITAz3dlmdIOLPnm4nyxBdbOA=s88-c-k-c0x00ffffff-no-rj
93rd,B+,Remi Ragnar,/youtube/handle/remiragnar,UCD1DAIeBN62QafNLArqZDrQ,3.82M,3820000,3.52B,3520000000,731,731,https://yt3.ggpht.com/AR3JmxMe057WVTU4IqCmzxCgjiSliyodrzlieGh9se668xsmLXACavhyWKQ2v-u3J2M6_pbG=s88-c-k-c0x00ffffff-no-rj
94th,B+,Naps Officiel,/youtube/handle/napsofficiel,UCfih6kPJCpzWmtCFtlpYK6A,3.8M,3800000,2.96B,2960000000,148,148,https://yt3.ggpht.com/7WOC8ajmkwB58r3YmmSf0n4bzjYxNuT1Igi2p19MLovsmXYHWzIenc661ewnJ5c8EOeGL6K86Q=s88-c-k-c0x00ffffff-no-rj
95th,B,Kader Japonais Officiel,/youtube/handle/kaderjaponaisofficiel,UCYwKkGRd8AWxklGzAmpkQpw,3.8M,3800000,1.13B,1130000000,575,575,https://yt3.ggpht.com/DcRvxewypIhxcYtb994sFa-dTt72m9UxOu8LO3QnrLZhxwFYyq4Ghol3tr98wzpX0HH9jmjwP7o=s88-c-k-c0x00ffffff-no-rj
96th,B-,Poisson Fécond,/youtube/handle/poissonfecond42,UC4ii4_aeS8iOFzsHuhJTq2w,3.79M,3790000,1B,1000000000,973,973,https://yt3.ggpht.com/_Ns0Bzk-GB5brYu7UNGolj6ndKMUI-sRHX-USdQV9vqN9WI5ZPiqHt1P3wtiahqbQsiWIKG4vps=s88-c-k-c0x00ffffff-no-rj
97th,B+,BATZAIR,/youtube/handle/batzair,UCCU2Tvanl8gLaJ7pYDuIYkg,3.73M,3730000,3.11B,3110000000,974,974,https://yt3.ggpht.com/4NItGY29-KIW3gQtka8Y-BEfmU55cCxlnXSwC-MI0BEPuA7fElY201FFC3Hl9KyJ4Kx89tvLuw=s88-c-k-c0x00ffffff-no-rj
98th,C+,EnjoyPhoenix - Marie Lopez,/youtube/handle/enjoyphoenix,UC99LgIedzGD1GirhFGldfUQ,3.7M,3700000,666.77M,666770000,1.11K,1110,https://yt3.ggpht.com/DjAWqzobxe_fTjTukM4KCC1t1RMwOnUcS2-yqbKv2ppMaV3LyDWLoSnpI7_wat9DDr51H7ilNA=s88-c-k-c0x00ffffff-no-rj
99th,B+,MatiFamily Officiel,/youtube/handle/babymatifa,UCdbxtRmc5oM2tQBqpQ-Tk7w,3.69M,3690000,1.89B,1890000000,836,836,https://yt3.ggpht.com/7HY-sXpqml29uXVj68uwXq6IwTcNYd8JErekHrDaakwrCvO_9IVf0OVFvG_DA1kaxmdsvqCa=s88-c-k-c0x00ffffff-no-rj
100th,C+,El Djazairia One,/youtube/handle/eldjazairiaone,UCZX_vgW4txoI-AHhxg1ef_A,3.68M,3680000,937.05M,937050000,26.86K,26860,https://yt3.ggpht.com/ub8YjXtiUqh1ct3jRiNVPLpjx5kcCqRLUIW7qpLJUCWAcUjF5frquogYmHgzDE3krNqvQaMcSA=s88-c-k-c0x00ffffff-no-rj
